{"stats":{"minecraft:killed":{"minecraft:pig":1,"minecraft:sheep":8,"minecraft:zombie":2,"minecraft:drowned":1,"minecraft:cow":12},"minecraft:picked_up":{"minecraft:crafting_table":4,"minecraft:leather":11,"minecraft:oak_stairs":2,"minecraft:potato":17,"minecraft:flint":2,"minecraft:oak_log":72,"minecraft:yellow_bed":3,"minecraft:cobblestone_wall":1,"minecraft:dirt":35,"minecraft:wheat_seeds":12,"minecraft:bell":1,"minecraft:beef":25,"minecraft:iron_ingot":4,"minecraft:fletching_table":3,"minecraft:light_gray_wool":1,"minecraft:sugar_cane":6,"minecraft:chest":1,"minecraft:oak_planks":29,"minecraft:furnace":3,"minecraft:egg":4,"minecraft:stick":2,"minecraft:raw_iron":4,"minecraft:oak_door":4,"minecraft:composter":1,"minecraft:gravel":51,"minecraft:porkchop":2,"minecraft:blast_furnace":4,"minecraft:white_bed":2,"minecraft:carrot":17,"minecraft:mossy_cobblestone":1,"minecraft:rotten_flesh":2,"minecraft:beetroot_seeds":3,"minecraft:bread":12,"minecraft:oak_sapling":6,"minecraft:bricks":1,"minecraft:mutton":10,"minecraft:coal":18,"minecraft:white_wool":7,"minecraft:cobblestone":103},"minecraft:used":{"minecraft:cooked_mutton":3,"minecraft:stone_sword":75,"minecraft:stone_shovel":31,"minecraft:stone_pickaxe":27,"minecraft:oak_planks":216,"minecraft:wooden_pickaxe":26,"minecraft:fletching_table":4,"minecraft:bell":1,"minecraft:oak_door":5,"minecraft:dirt":35,"minecraft:crafting_table":5,"minecraft:blast_furnace":3,"minecraft:white_bed":4,"minecraft:oak_log":1,"minecraft:iron_pickaxe":82,"minecraft:gravel":28,"minecraft:stone_axe":130,"minecraft:light_gray_wool":1,"minecraft:cobblestone":84,"minecraft:furnace":3,"minecraft:cooked_porkchop":2,"minecraft:yellow_bed":3,"minecraft:cooked_beef":3},"minecraft:custom":{"minecraft:interact_with_furnace":11,"minecraft:mob_kills":24,"minecraft:interact_with_crafting_table":13,"minecraft:bell_ring":18,"minecraft:time_since_death":58928,"minecraft:sleep_in_bed":2,"minecraft:climb_one_cm":1112,"minecraft:time_since_rest":10500,"minecraft:sprint_one_cm":165635,"minecraft:damage_taken":360,"minecraft:walk_one_cm":105607,"minecraft:drop":22,"minecraft:damage_dealt":2505,"minecraft:swim_one_cm":17704,"minecraft:talked_to_villager":15,"minecraft:fly_one_cm":246913,"minecraft:open_chest":1,"minecraft:crouch_one_cm":1227,"minecraft:play_time":58928,"minecraft:sneak_time":961,"minecraft:walk_under_water_one_cm":10805,"minecraft:jump":1015,"minecraft:interact_with_blast_furnace":1,"minecraft:walk_on_water_one_cm":3504,"minecraft:total_world_time":58928,"minecraft:fall_one_cm":22396},"minecraft:mined":{"minecraft:white_bed":2,"minecraft:farmland":13,"minecraft:mossy_cobblestone":1,"minecraft:oak_door":4,"minecraft:crafting_table":4,"minecraft:blast_furnace":4,"minecraft:grass_block":9,"minecraft:chest":1,"minecraft:tall_grass":17,"minecraft:cobblestone":11,"minecraft:oak_planks":23,"minecraft:sugar_cane":2,"minecraft:composter":1,"minecraft:bricks":1,"minecraft:furnace":2,"minecraft:carrots":10,"minecraft:cobblestone_wall":1,"minecraft:iron_ore":4,"minecraft:wheat":9,"minecraft:fletching_table":3,"minecraft:yellow_bed":3,"minecraft:bell":1,"minecraft:grass":20,"minecraft:oak_log":72,"minecraft:potatoes":5,"minecraft:coal_ore":14,"minecraft:beetroots":3,"minecraft:oak_stairs":2,"minecraft:gravel":54,"minecraft:dirt":3,"minecraft:stone":94,"minecraft:oak_leaves":11},"minecraft:dropped":{"minecraft:bread":11,"minecraft:carrot":11},"minecraft:crafted":{"minecraft:cooked_beef":25,"minecraft:oak_door":3,"minecraft:oak_planks":284,"minecraft:stone_shovel":1,"minecraft:cooked_porkchop":2,"minecraft:crafting_table":1,"minecraft:wooden_pickaxe":1,"minecraft:furnace":1,"minecraft:fletching_table":1,"minecraft:stone_axe":1,"minecraft:cooked_mutton":3,"minecraft:air":0,"minecraft:shield":1,"minecraft:stick":12,"minecraft:iron_pickaxe":1,"minecraft:stone_pickaxe":1,"minecraft:stone_sword":1,"minecraft:white_bed":2}},"DataVersion":2975}