{"stats":{"minecraft:killed":{"minecraft:sheep":8,"minecraft:zombie":2,"minecraft:pig":1,"minecraft:drowned":1,"minecraft:cow":9},"minecraft:picked_up":{"minecraft:raw_iron":4,"minecraft:crafting_table":4,"minecraft:oak_door":4,"minecraft:leather":6,"minecraft:porkchop":2,"minecraft:oak_log":13,"minecraft:dirt":12,"minecraft:rotten_flesh":2,"minecraft:wheat_seeds":2,"minecraft:iron_ingot":4,"minecraft:beef":19,"minecraft:light_gray_wool":1,"minecraft:coal":11,"minecraft:oak_planks":9,"minecraft:mutton":10,"minecraft:egg":1,"minecraft:white_wool":7,"minecraft:cobblestone":25,"minecraft:furnace":2},"minecraft:used":{"minecraft:oak_log":1,"minecraft:cooked_mutton":1,"minecraft:stone_sword":58,"minecraft:stone_pickaxe":12,"minecraft:wooden_pickaxe":26,"minecraft:stone_axe":15,"minecraft:oak_door":5,"minecraft:light_gray_wool":1,"minecraft:dirt":1,"minecraft:crafting_table":4,"minecraft:furnace":3,"minecraft:cooked_porkchop":2},"minecraft:custom":{"minecraft:time_since_rest":22928,"minecraft:interact_with_furnace":8,"minecraft:sprint_one_cm":44813,"minecraft:damage_taken":300,"minecraft:walk_one_cm":14295,"minecraft:mob_kills":21,"minecraft:damage_dealt":2147,"minecraft:swim_one_cm":16472,"minecraft:interact_with_crafting_table":9,"minecraft:fly_one_cm":91272,"minecraft:crouch_one_cm":15,"minecraft:play_time":22928,"minecraft:sneak_time":230,"minecraft:walk_under_water_one_cm":10136,"minecraft:jump":355,"minecraft:time_since_death":22928,"minecraft:walk_on_water_one_cm":2138,"minecraft:total_world_time":22928,"minecraft:fall_one_cm":8840},"minecraft:mined":{"minecraft:furnace":1,"minecraft:iron_ore":4,"minecraft:oak_door":4,"minecraft:crafting_table":4,"minecraft:coal_ore":7,"minecraft:grass":9,"minecraft:grass_block":1,"minecraft:oak_log":13,"minecraft:tall_grass":8,"minecraft:stone":25,"minecraft:oak_leaves":3},"minecraft:crafted":{"minecraft:cooked_beef":12,"minecraft:oak_door":3,"minecraft:oak_planks":48,"minecraft:cooked_porkchop":2,"minecraft:shield":1,"minecraft:crafting_table":1,"minecraft:stick":12,"minecraft:iron_pickaxe":1,"minecraft:wooden_pickaxe":1,"minecraft:stone_pickaxe":1,"minecraft:stone_sword":1,"minecraft:furnace":1,"minecraft:stone_axe":1,"minecraft:cooked_mutton":3,"minecraft:air":0}},"DataVersion":2975}