{"stats":{"minecraft:killed":{"minecraft:sheep":2,"minecraft:zombie":2,"minecraft:pig":1,"minecraft:cow":1},"minecraft:picked_up":{"minecraft:crafting_table":2,"minecraft:leather":1,"minecraft:porkchop":2,"minecraft:oak_log":7,"minecraft:dirt":1,"minecraft:rotten_flesh":2,"minecraft:beef":3,"minecraft:light_gray_wool":1,"minecraft:oak_planks":9,"minecraft:mutton":3,"minecraft:white_wool":1,"minecraft:cobblestone":25,"minecraft:furnace":1},"minecraft:used":{"minecraft:oak_log":1,"minecraft:stone_sword":19,"minecraft:stone_pickaxe":1,"minecraft:wooden_pickaxe":26,"minecraft:stone_axe":3,"minecraft:dirt":1,"minecraft:crafting_table":2,"minecraft:furnace":1,"minecraft:cooked_porkchop":2},"minecraft:custom":{"minecraft:time_since_rest":10928,"minecraft:interact_with_furnace":5,"minecraft:sprint_one_cm":28961,"minecraft:damage_taken":200,"minecraft:walk_one_cm":8613,"minecraft:mob_kills":6,"minecraft:damage_dealt":668,"minecraft:interact_with_crafting_table":4,"minecraft:fly_one_cm":48997,"minecraft:play_time":10928,"minecraft:sneak_time":35,"minecraft:walk_under_water_one_cm":682,"minecraft:jump":184,"minecraft:time_since_death":10928,"minecraft:walk_on_water_one_cm":1137,"minecraft:total_world_time":10928,"minecraft:fall_one_cm":5378},"minecraft:mined":{"minecraft:furnace":1,"minecraft:crafting_table":2,"minecraft:grass":4,"minecraft:grass_block":1,"minecraft:oak_log":7,"minecraft:tall_grass":8,"minecraft:stone":25,"minecraft:oak_leaves":3},"minecraft:crafted":{"minecraft:oak_planks":24,"minecraft:cooked_porkchop":2,"minecraft:crafting_table":1,"minecraft:stick":8,"minecraft:wooden_pickaxe":1,"minecraft:stone_pickaxe":1,"minecraft:stone_sword":1,"minecraft:furnace":1,"minecraft:stone_axe":1,"minecraft:cooked_mutton":3,"minecraft:air":0}},"DataVersion":2975}