{"stats":{"minecraft:killed":{"minecraft:pig":1,"minecraft:sheep":8,"minecraft:zombie":2,"minecraft:drowned":1,"minecraft:cow":12},"minecraft:picked_up":{"minecraft:crafting_table":4,"minecraft:leather":11,"minecraft:oak_stairs":2,"minecraft:potato":17,"minecraft:flint":2,"minecraft:oak_log":72,"minecraft:yellow_bed":3,"minecraft:cobblestone_wall":1,"minecraft:oak_trapdoor":4,"minecraft:dirt":35,"minecraft:wheat_seeds":12,"minecraft:bell":1,"minecraft:beef":25,"minecraft:iron_ingot":4,"minecraft:fletching_table":4,"minecraft:light_gray_wool":1,"minecraft:sugar_cane":6,"minecraft:chest":1,"minecraft:oak_planks":35,"minecraft:furnace":3,"minecraft:egg":5,"minecraft:stick":2,"minecraft:raw_iron":4,"minecraft:oak_door":4,"minecraft:composter":1,"minecraft:gravel":51,"minecraft:porkchop":2,"minecraft:blast_furnace":7,"minecraft:white_bed":2,"minecraft:carrot":19,"minecraft:mossy_cobblestone":1,"minecraft:rotten_flesh":2,"minecraft:beetroot_seeds":3,"minecraft:bread":12,"minecraft:oak_sapling":6,"minecraft:bricks":1,"minecraft:mutton":10,"minecraft:coal":18,"minecraft:white_wool":7,"minecraft:cobblestone":103},"minecraft:used":{"minecraft:oak_trapdoor":5,"minecraft:cooked_mutton":3,"minecraft:stone_sword":75,"minecraft:stone_shovel":31,"minecraft:stone_pickaxe":27,"minecraft:oak_planks":224,"minecraft:wooden_pickaxe":26,"minecraft:fletching_table":5,"minecraft:bell":1,"minecraft:oak_door":5,"minecraft:dirt":35,"minecraft:crafting_table":5,"minecraft:blast_furnace":6,"minecraft:white_bed":4,"minecraft:oak_log":1,"minecraft:iron_pickaxe":87,"minecraft:gravel":28,"minecraft:stone_axe":138,"minecraft:light_gray_wool":1,"minecraft:cobblestone":84,"minecraft:furnace":3,"minecraft:cooked_porkchop":2,"minecraft:yellow_bed":3,"minecraft:cooked_beef":5},"minecraft:custom":{"minecraft:interact_with_furnace":11,"minecraft:mob_kills":24,"minecraft:interact_with_crafting_table":14,"minecraft:bell_ring":18,"minecraft:leave_game":1,"minecraft:time_since_death":66230,"minecraft:sleep_in_bed":3,"minecraft:climb_one_cm":1112,"minecraft:time_since_rest":3631,"minecraft:sprint_one_cm":184400,"minecraft:damage_taken":380,"minecraft:walk_one_cm":130747,"minecraft:drop":28,"minecraft:damage_dealt":2505,"minecraft:swim_one_cm":17704,"minecraft:talked_to_villager":22,"minecraft:fly_one_cm":272169,"minecraft:open_chest":1,"minecraft:crouch_one_cm":1332,"minecraft:play_time":66230,"minecraft:sneak_time":1046,"minecraft:walk_under_water_one_cm":10805,"minecraft:jump":1122,"minecraft:interact_with_blast_furnace":1,"minecraft:walk_on_water_one_cm":3504,"minecraft:total_world_time":66230,"minecraft:fall_one_cm":25099},"minecraft:broken":{"minecraft:stone_axe":1},"minecraft:mined":{"minecraft:white_bed":2,"minecraft:farmland":13,"minecraft:mossy_cobblestone":1,"minecraft:oak_door":4,"minecraft:crafting_table":4,"minecraft:blast_furnace":7,"minecraft:grass_block":9,"minecraft:chest":1,"minecraft:tall_grass":17,"minecraft:cobblestone":11,"minecraft:oak_planks":29,"minecraft:sugar_cane":2,"minecraft:composter":1,"minecraft:bricks":1,"minecraft:oak_trapdoor":4,"minecraft:furnace":2,"minecraft:carrots":10,"minecraft:cobblestone_wall":1,"minecraft:iron_ore":4,"minecraft:wheat":9,"minecraft:fletching_table":4,"minecraft:yellow_bed":3,"minecraft:bell":1,"minecraft:grass":20,"minecraft:oak_log":72,"minecraft:potatoes":5,"minecraft:coal_ore":14,"minecraft:beetroots":3,"minecraft:oak_stairs":2,"minecraft:gravel":54,"minecraft:dirt":3,"minecraft:stone":94,"minecraft:oak_leaves":11},"minecraft:dropped":{"minecraft:bread":11,"minecraft:carrot":17},"minecraft:crafted":{"minecraft:cooked_beef":25,"minecraft:oak_door":3,"minecraft:oak_planks":284,"minecraft:stone_shovel":1,"minecraft:cooked_porkchop":2,"minecraft:crafting_table":1,"minecraft:wooden_pickaxe":1,"minecraft:furnace":1,"minecraft:fletching_table":1,"minecraft:stone_axe":1,"minecraft:cooked_mutton":3,"minecraft:air":0,"minecraft:oak_trapdoor":2,"minecraft:shield":1,"minecraft:stick":12,"minecraft:iron_pickaxe":1,"minecraft:stone_pickaxe":1,"minecraft:stone_sword":1,"minecraft:white_bed":2}},"DataVersion":2975}