{"stats":{"minecraft:killed":{"minecraft:pig":1,"minecraft:sheep":8,"minecraft:zombie":2,"minecraft:drowned":1,"minecraft:cow":12},"minecraft:picked_up":{"minecraft:crafting_table":4,"minecraft:leather":11,"minecraft:potato":17,"minecraft:oak_log":72,"minecraft:yellow_bed":3,"minecraft:dirt":35,"minecraft:wheat_seeds":12,"minecraft:bell":1,"minecraft:beef":25,"minecraft:iron_ingot":4,"minecraft:light_gray_wool":1,"minecraft:sugar_cane":6,"minecraft:chest":1,"minecraft:oak_planks":17,"minecraft:furnace":3,"minecraft:egg":3,"minecraft:stick":2,"minecraft:raw_iron":4,"minecraft:oak_door":4,"minecraft:composter":1,"minecraft:porkchop":2,"minecraft:blast_furnace":1,"minecraft:white_bed":2,"minecraft:carrot":11,"minecraft:rotten_flesh":2,"minecraft:beetroot_seeds":3,"minecraft:bread":3,"minecraft:oak_sapling":6,"minecraft:mutton":10,"minecraft:coal":18,"minecraft:white_wool":7,"minecraft:cobblestone":100},"minecraft:used":{"minecraft:cooked_mutton":3,"minecraft:stone_sword":74,"minecraft:stone_pickaxe":27,"minecraft:oak_planks":192,"minecraft:wooden_pickaxe":26,"minecraft:bell":1,"minecraft:oak_door":5,"minecraft:dirt":35,"minecraft:crafting_table":5,"minecraft:white_bed":3,"minecraft:oak_log":1,"minecraft:iron_pickaxe":72,"minecraft:stone_axe":110,"minecraft:light_gray_wool":1,"minecraft:cobblestone":84,"minecraft:furnace":3,"minecraft:cooked_porkchop":2,"minecraft:yellow_bed":3,"minecraft:cooked_beef":3},"minecraft:custom":{"minecraft:interact_with_furnace":11,"minecraft:mob_kills":24,"minecraft:interact_with_crafting_table":10,"minecraft:bell_ring":6,"minecraft:time_since_death":46928,"minecraft:sleep_in_bed":1,"minecraft:climb_one_cm":140,"minecraft:time_since_rest":14922,"minecraft:sprint_one_cm":140746,"minecraft:damage_taken":360,"minecraft:walk_one_cm":73987,"minecraft:drop":3,"minecraft:damage_dealt":2447,"minecraft:swim_one_cm":17704,"minecraft:talked_to_villager":8,"minecraft:fly_one_cm":227024,"minecraft:open_chest":1,"minecraft:crouch_one_cm":239,"minecraft:play_time":46928,"minecraft:sneak_time":333,"minecraft:walk_under_water_one_cm":10215,"minecraft:jump":895,"minecraft:interact_with_blast_furnace":1,"minecraft:walk_on_water_one_cm":2391,"minecraft:total_world_time":46928,"minecraft:fall_one_cm":20126},"minecraft:mined":{"minecraft:white_bed":2,"minecraft:farmland":13,"minecraft:oak_door":4,"minecraft:crafting_table":4,"minecraft:blast_furnace":1,"minecraft:grass_block":8,"minecraft:chest":1,"minecraft:tall_grass":17,"minecraft:cobblestone":8,"minecraft:oak_planks":8,"minecraft:sugar_cane":2,"minecraft:composter":1,"minecraft:furnace":2,"minecraft:carrots":10,"minecraft:iron_ore":4,"minecraft:wheat":9,"minecraft:yellow_bed":3,"minecraft:bell":1,"minecraft:grass":18,"minecraft:oak_log":72,"minecraft:potatoes":5,"minecraft:coal_ore":14,"minecraft:beetroots":3,"minecraft:dirt":3,"minecraft:stone":94,"minecraft:oak_leaves":11},"minecraft:dropped":{"minecraft:bread":2,"minecraft:carrot":1},"minecraft:crafted":{"minecraft:cooked_beef":25,"minecraft:oak_door":3,"minecraft:oak_planks":284,"minecraft:cooked_porkchop":2,"minecraft:crafting_table":1,"minecraft:wooden_pickaxe":1,"minecraft:furnace":1,"minecraft:stone_axe":1,"minecraft:cooked_mutton":3,"minecraft:air":0,"minecraft:shield":1,"minecraft:stick":12,"minecraft:iron_pickaxe":1,"minecraft:stone_pickaxe":1,"minecraft:stone_sword":1,"minecraft:white_bed":1}},"DataVersion":2975}